trackSensor_0,trackSensor_1,trackSensor_2,trackSensor_3,trackSensor_4,trackSensor_5,trackSensor_6,trackSensor_7,trackSensor_8,trackSensor_9,trackSensor_10,trackSensor_11,trackSensor_12,trackSensor_13,trackSensor_14,trackSensor_15,trackSensor_16,trackSensor_17,trackSensor_18,angleToTrackAxis,speed,trackPosition,gear,lateralSpeed,currentLapTime,damage,distanceFromStartLine,distanceRaced,fuelLevel,lastLapTime,RPM,wheelSpinVelocity_0,wheelSpinVelocity_1,wheelSpinVelocity_2,wheelSpinVelocity_3,ZSpeed,Z
7.33276,7.60333,8.49236,10.4121,14.7137,21.3318,27.6403,39.3415,69.1323,200.0,51.8332,21.4308,14.0915,10.6336,7.27879,5.15873,4.22056,3.79053,3.66748,0.00656587,0.0149156,-0.333185,0,-0.0194845,3.194,0.0,5759.07,-0.0268555,30.0,0.0,1047.2,-2.47002,-2.59361,2.143,-1.22289,-1.81934E-4,0.299664,-0.0,0.3254799,0.0,
7.33276,7.60367,8.4927,10.4128,14.715,21.3343,27.6445,39.3501,69.1589,200.0,51.7967,21.4246,14.0896,10.6326,7.27813,5.15848,4.22036,3.79041,3.66748,0.00661022,-0.0260226,-0.333185,0,-0.0218506,3.216,0.0,5759.07,-0.0268555,30.0,0.0,1047.2,1.06068,-2.68992,2.13295,-1.20502,-2.0318E-4,0.299664,-0.0,0.5058748,0.0,
7.33252,7.60356,8.49267,10.4129,14.7155,21.3356,27.6475,39.3551,69.1759,200.0,51.7692,21.4199,14.0875,10.6324,7.27788,5.15854,4.22039,3.79065,3.66772,0.00664217,-0.0668854,-0.333163,0,-0.0219786,3.238,0.0,5759.07,-0.0273438,30.0,0.0,1047.2,0.0432771,0.0288056,-1.23079,2.17018,-1.99663E-4,0.299664,-0.0,0.6862697,0.0,
7.33252,7.60366,8.49309,10.4136,14.7171,21.3398,27.654,39.3687,69.2199,200.0,51.7067,21.4111,14.084,10.6303,7.27723,5.15835,4.22022,3.79053,3.66772,0.00671226,-0.0262252,-0.333163,0,-0.0187571,3.26,0.0,5759.07,-0.0273438,30.0,0.0,1047.2,-3.47804,0.134682,-1.21346,2.15885,-1.99249E-4,0.299664,-0.0,1.0,0.0,
7.33252,7.60388,8.49356,10.4144,14.7194,21.3446,27.6613,39.3857,69.2693,200.0,51.6386,21.4004,14.0794,10.6275,7.27589,5.15784,4.22003,3.79041,3.6676,0.00679571,0.0150897,-0.333163,0,-0.0197213,3.282,0.0,5759.07,-0.0273438,30.0,0.0,1047.2,-2.4691,-2.61378,2.16029,-1.20623,-2.02194E-4,0.299664,-0.0,1.0,0.0,
7.33264,7.60398,8.49365,10.415,14.7205,21.3472,27.6656,39.3938,69.2962,200.0,51.6025,21.3939,14.077,10.6261,7.27541,5.15759,4.21995,3.79041,3.6676,0.00684053,-0.0261558,-0.333163,0,-0.0221561,3.304,0.0,5759.07,-0.0273438,30.0,0.0,1047.2,1.0528,-2.68555,2.14958,-1.18708,-1.84123E-4,0.299664,-0.0,1.0,0.0,
7.33252,7.60415,8.49387,10.4154,14.7214,21.3486,27.6687,39.3997,69.3148,200.0,51.5759,21.3894,14.0754,10.6252,7.27528,5.15753,4.21972,3.79041,3.66772,0.00687105,-0.0673433,-0.333163,0,-0.0210901,3.326,0.0,5759.07,-0.0283203,30.0,0.0,1047.2,0.0512257,0.0456514,-1.21429,2.18628,-1.85444E-4,0.299664,-0.0,1.0,0.0,
7.33252,7.60422,8.49417,10.4161,14.723,21.3526,27.6756,39.4134,69.3596,200.0,51.5151,21.3809,14.0717,10.6229,7.27439,5.15698,4.21968,3.79028,3.6676,0.0069421,-0.0259236,-0.333163,0,-0.0192505,3.348,0.0,5759.07,-0.0283203,30.0,0.0,1047.2,-3.48119,0.106605,-1.19558,2.17508,-1.75222E-4,0.299664,-0.0,1.0,0.0,
7.33252,7.60433,8.49463,10.4168,14.7249,21.3571,27.6832,39.4299,69.4077,200.0,51.4444,21.3693,14.067,10.6211,7.27312,5.15646,4.21949,3.79028,3.66772,0.00702554,0.0149612,-0.333163,0,-0.0192938,3.37,0.0,5759.07,-0.0283203,30.0,0.0,1047.2,-2.46972,-2.60961,2.175,-1.1904,-1.91106E-4,0.299664,-0.0,1.0,0.0,
7.33252,7.60447,8.49464,10.4173,14.7259,21.3596,27.687,39.4363,69.431,200.0,51.411,21.3645,14.0652,10.6195,7.27262,5.15644,4.21949,3.79016,3.66772,0.00706417,-0.0241575,-0.333163,1,-0.0187038,3.392,0.0,5759.07,-0.0283203,30.0,0.0,1061.72,1.04968,-2.0995,2.24614,-0.655145,-2.0624E-4,0.299664,-0.0,1.0,0.0,
7.33264,7.60439,8.49472,10.4176,14.7265,21.3613,27.6891,39.4422,69.4502,200.0,51.3865,21.3589,14.0639,10.619,7.27246,5.15627,4.2193,3.79016,3.6676,0.00709182,-0.0632744,-0.333163,1,-0.0190491,3.414,0.0,5759.07,-0.0283203,30.0,0.0,1077.64,0.151467,0.184356,-0.69684,2.28239,-1.82746E-4,0.299664,-0.0,1.0,0.0,
7.33264,7.60453,8.4953,10.4183,14.7285,21.3654,27.6963,39.4565,69.491,200.0,51.3297,21.3509,14.0599,10.6165,7.27177,5.15582,4.21909,3.79004,3.66772,0.0071624,-0.0205237,-0.333163,1,-0.0181883,3.436,0.0,5759.07,-0.0292969,30.0,0.0,1093.52,-2.95396,0.210252,-0.675952,2.2565,-1.88418E-4,0.299664,-0.0,1.0,0.0,
7.33252,7.60485,8.49576,10.4192,14.7307,21.3701,27.7039,39.4714,69.544,200.0,51.2549,21.3399,14.0551,10.6143,7.27032,5.15543,4.21902,3.79004,3.66772,0.00724775,0.022127,-0.333163,1,-0.0184416,3.458,0.0,5759.07,-0.0292969,30.0,0.0,1109.34,-2.1509,-2.16812,2.26151,-0.687919,-1.98798E-4,0.299664,-0.0,1.0,0.0,
7.33252,7.60495,8.49585,10.4196,14.7318,21.3724,27.7083,39.4804,69.5711,200.0,51.2205,21.3335,14.0531,10.6129,7.2699,5.15531,4.21882,3.78979,3.66772,0.00729305,-0.0174587,-0.333163,1,-0.0179026,3.48,0.0,5759.07,-0.0292969,30.0,0.0,1047.2,1.56411,-1.75006,2.71006,-0.264325,-2.1394E-4,0.299664,-0.0,1.0,0.0,
7.33276,7.60509,8.49607,10.42,14.7324,21.3739,27.7101,39.4853,69.5848,200.0,51.2041,21.3304,14.0514,10.612,7.26919,5.15483,4.21868,3.78992,3.6676,0.00731117,0.905601,-0.333185,1,-0.00431902,3.502,0.0,5759.07,-0.0258789,29.9999,0.0,1047.2,0.609654,1.25863,3.08602,1.74391,-8.80978E-5,0.299663,-0.0,1.0,0.0,
7.33313,7.60538,8.4968,10.4208,14.7341,21.3768,27.7141,39.4935,69.6077,200.0,51.1704,21.3247,14.0484,10.6104,7.26838,5.15429,4.21805,3.78955,3.66724,0.00734312,1.87485,-0.333252,1,-0.0150195,3.524,0.0,5759.08,-0.0175781,29.9998,0.0,1047.2,3.1373,2.75678,2.57193,3.45154,2.81729E-4,0.299661,-0.0,1.0,0.0,
7.3335,7.60578,8.4972,10.4214,14.7349,21.3779,27.715,39.4963,69.6191,200.0,51.1567,21.3208,14.0466,10.6089,7.26754,5.15351,4.21766,3.78906,3.66687,0.0073517,2.83105,-0.333319,1,-0.00181481,3.546,0.0,5759.09,-0.00244141,29.9997,0.0,1047.2,1.9205,2.80805,4.88843,5.33103,6.95061E-4,0.299659,-0.0,1.0,0.0,
7.33423,7.60668,8.49801,10.4223,14.7361,21.3793,27.7163,39.4975,69.6252,200.0,51.1463,21.3187,14.0443,10.6072,7.26609,5.15285,4.21688,3.78833,3.66602,0.00735122,3.85458,-0.333452,1,2.26936E-4,3.568,0.0,5759.11,0.0180664,29.9996,0.0,1047.2,4.69799,6.00993,3.2428,2.93654,0.00109856,0.299657,-0.0,1.0,0.0,
7.33423,7.60664,8.49799,10.4224,14.736,21.3786,27.7146,39.4971,69.6263,200.0,51.1473,21.3213,14.0446,10.6068,7.26634,5.15275,4.21685,3.78833,3.66602,0.00735027,4.8129,-0.333452,1,-0.00583207,3.59,0.0,5759.14,0.0454102,29.9995,0.0,1101.17,4.61794,5.2038,5.97214,5.38737,0.00142473,0.299655,-0.0,1.0,0.0,
7.33386,7.6064,8.49769,10.4221,14.7356,21.3783,27.7137,39.4976,69.6368,200.0,51.1399,21.3223,14.0448,10.6076,7.26618,5.15295,4.21719,3.78857,3.66638,0.00736505,5.74229,-0.333407,1,-0.00265864,3.612,0.0,5759.17,0.078125,29.9993,0.0,1195.39,5.81433,5.87696,7.85509,7.07622,0.00170276,0.299654,-0.0,1.0,0.0,
7.33374,7.60623,8.49762,10.4224,14.7361,21.379,27.7148,39.5036,69.6667,200.0,51.1092,21.3199,14.044,10.6069,7.26635,5.15302,4.21741,3.78857,3.66663,0.00740892,6.76142,-0.333385,1,-0.0062495,3.634,0.0,5759.21,0.116699,29.9992,0.0,1315.37,7.25385,7.47112,6.90897,6.54194,0.00198677,0.299652,-0.0,1.0,0.0,
7.33398,7.60643,8.49792,10.4229,14.7369,21.3795,27.7142,39.5056,69.682,200.0,51.0905,21.3182,14.0425,10.6065,7.26597,5.1527,4.21707,3.78845,3.66638,0.00742704,7.7757,-0.333407,1,0.00151612,3.656,0.0,5759.26,0.161621,29.9991,0.0,1500.99,8.21257,8.01884,8.738,7.15479,0.0022027,0.29965,-0.0,1.0,0.0,
7.33435,7.6068,8.49815,10.4233,14.7366,21.3779,27.7105,39.4998,69.6746,200.0,51.1081,21.3222,14.0432,10.6057,7.26528,5.15219,4.21654,3.78809,3.66577,0.00739938,8.8072,-0.333496,1,0.00272301,3.678,0.0,5759.31,0.212402,29.9989,0.0,1485.17,8.73686,8.16531,9.96251,7.37226,0.00246714,0.299647,-0.0,1.0,0.0,
7.33496,7.60731,8.49856,10.4231,14.7361,21.3745,27.7031,39.4885,69.647,200.0,51.1504,21.3318,14.0446,10.6063,7.26503,5.15191,4.21608,3.7876,3.66541,0.00733835,9.79279,-0.333585,1,0.00133717,3.7,0.0,5759.37,0.27002,29.9988,0.0,1837.29,9.20492,9.65524,12.8504,10.2656,0.00273021,0.299643,-0.0,1.0,0.0,
7.33569,7.60793,8.49923,10.4231,14.7358,21.3711,27.6961,39.476,69.6201,200.0,51.1942,21.3392,14.0467,10.6065,7.26441,5.15119,4.21547,3.78674,3.66455,0.00727445,10.9156,-0.333718,1,9.87469E-4,3.722,0.0,5759.43,0.333496,29.9986,0.0,1855.71,10.6106,11.124,10.9459,8.93478,0.00293289,0.299639,-0.0,1.0,0.0,
7.33667,7.60884,8.49986,10.424,14.7354,21.3681,27.6874,39.4613,69.5806,200.0,51.2524,21.3486,14.0475,10.6059,7.26334,5.15011,4.21437,3.78577,3.66357,0.00718338,11.9644,-0.333918,1,0.00172267,3.744,0.0,5759.5,0.404297,29.9984,0.0,2123.69,11.8876,11.8688,11.0548,12.4892,0.00323706,0.299633,-0.0,1.0,0.0,
7.33728,7.60936,8.50033,10.4237,14.7339,21.3629,27.6775,39.4458,69.5436,200.0,51.3087,21.3609,14.0502,10.6067,7.26317,5.14959,4.2138,3.78528,3.66296,0.00710136,13.0995,-0.334029,1,0.00175733,3.766,0.0,5759.58,0.480957,29.9982,0.0,2053.48,12.4753,11.8328,12.2528,11.0623,0.00342826,0.299627,-0.0,1.0,0.0,
7.33752,7.60919,8.49981,10.4228,14.7313,21.3567,27.6639,39.424,69.4939,200.0,51.3883,21.3786,14.0555,10.6097,7.26442,5.1501,4.21394,3.78528,3.66284,0.00700695,14.1702,-0.334051,1,9.03813E-5,3.788,0.0,5759.66,0.564453,29.9979,0.0,2361.61,13.9511,13.968,12.5128,13.5991,0.0037008,0.29962,-0.0,1.0,0.0,
7.33765,7.60935,8.49984,10.4226,14.7297,21.3515,27.655,39.4109,69.4728,200.0,51.4289,21.3907,14.0589,10.6107,7.26497,5.14991,4.21374,3.78516,3.6626,0.00695593,15.2795,-0.334095,1,-3.27599E-4,3.81,0.0,5759.75,0.655762,29.9977,0.0,2449.13,14.6563,14.1027,13.028,15.7172,0.00386496,0.299612,-0.0,1.0,0.0,
7.33838,7.60994,8.50028,10.4232,14.7306,21.3512,27.6517,39.4107,69.4914,200.0,51.4177,21.3921,14.0575,10.6101,7.26375,5.14935,4.2131,3.78442,3.66199,0.00696212,16.4122,-0.334206,1,-0.00300819,3.832,0.0,5759.85,0.752441,29.9974,0.0,2637.06,16.1287,16.2021,14.9329,14.0189,0.00412393,0.299603,-0.0,1.0,0.0,
7.33899,7.61071,8.50123,10.4239,14.7303,21.3489,27.6453,39.4032,69.4842,200.0,51.4342,21.4002,14.0574,10.609,7.26259,5.14842,4.21252,3.78368,3.66125,0.00692493,17.5631,-0.334339,1,-0.00330494,3.854,0.0,5759.95,0.856445,29.9971,0.0,2737.35,16.0404,16.5658,15.6729,15.7709,0.00433124,0.299592,-0.0,1.0,0.0,
7.34009,7.61154,8.50196,10.4246,14.7304,21.345,27.6365,39.3911,69.4636,200.0,51.4731,21.4092,14.0584,10.6078,7.2616,5.14728,4.21116,3.78265,3.66028,0.00686008,18.7015,-0.334517,1,-0.0012482,3.876,0.0,5760.06,0.968262,29.9968,0.0,2908.26,16.7924,16.7511,16.6299,17.9617,0.00460459,0.299581,-0.0,1.0,0.0,
7.34119,7.61276,8.50306,10.4256,14.7301,21.3418,27.6286,39.3801,69.4484,200.0,51.5073,21.4183,14.0579,10.6068,7.25996,5.14572,4.21001,3.78133,3.65894,0.00679571,19.8618,-0.334739,1,-8.41491E-4,3.898,0.0,5760.18,1.08594,29.9964,0.0,3044.03,18.1675,18.6955,17.7789,17.1931,0.00490025,0.299569,-0.0,1.0,0.0,
7.34265,7.61393,8.50433,10.4267,14.7308,21.3384,27.6193,39.3685,69.4315,200.0,51.5399,21.4289,14.0584,10.6055,7.25835,5.14445,4.20878,3.78017,3.65771,0.00673038,21.0134,-0.334983,1,-4.74157E-4,3.92,0.0,5760.31,1.21094,29.9961,0.0,3189.39,19.2811,19.841,19.2092,18.0575,0.00515513,0.299557,-0.0,1.0,0.0,
7.34302,7.61421,8.50426,10.4261,14.7286,21.3315,27.606,39.3494,69.397,200.0,51.6052,21.4476,14.0631,10.6075,7.25898,5.14438,4.20854,3.77986,3.65723,0.00664789,22.1664,-0.33505,1,-4.62614E-4,3.942,0.0,5760.44,1.34375,29.9957,0.0,3367.2,20.0535,20.0187,20.6491,20.8729,0.00545675,0.299543,-0.0,1.0,0.0,
7.34338,7.61429,8.50412,10.4257,14.7271,21.325,27.5933,39.3325,69.3724,200.0,51.6545,21.4642,14.0671,10.6086,7.25918,5.1441,4.2082,3.77949,3.65686,0.00658161,23.3653,-0.335138,1,-8.35538E-4,3.964,0.0,5760.58,1.4834,29.9953,0.0,3531.8,21.4763,22.0469,20.2765,21.4224,0.00572458,0.299529,-0.0,1.0,0.0,
7.34424,7.6152,8.50486,10.4261,14.7259,21.3192,27.5822,39.317,69.3535,200.0,51.6961,21.4795,14.0693,10.6087,7.25833,5.14322,4.20734,3.77864,3.65601,0.00651247,24.5614,-0.335294,1,-8.40979E-4,3.986,0.0,5760.73,1.62988,29.9948,0.0,3711.12,22.5902,23.1614,22.3617,21.448,0.00596596,0.299514,-0.0,1.0,0.0,
7.34521,7.61609,8.50552,10.4265,14.7247,21.3127,27.5686,39.2983,69.3224,200.0,51.7559,21.499,14.0726,10.6098,7.25788,5.14244,4.20654,3.77771,3.65508,0.00642235,25.7607,-0.335471,1,-8.9117E-4,4.008,0.0,5760.88,1.78369,29.9944,0.0,3887.9,23.4359,23.4397,23.5468,23.7067,0.00626277,0.299498,-0.0,1.0,0.0,
7.34644,7.61707,8.50633,10.4268,14.723,21.3049,27.5533,39.2761,69.2787,200.0,51.8318,21.5205,14.0763,10.6108,7.257,5.14133,4.20544,3.77673,3.65381,0.00629551,26.9727,-0.335693,1,5.34899E-5,4.03,0.0,5761.04,1.94531,29.9939,0.0,4071.24,24.9602,25.6227,24.0233,24.3538,0.00645495,0.299484,-0.0,1.0,0.0,
7.34778,7.61804,8.50727,10.4269,14.7215,21.2963,27.5363,39.2498,69.224,200.0,51.925,21.5454,14.0805,10.611,7.25644,5.14025,4.20422,3.77539,3.65234,0.00615007,28.1977,-0.335938,1,9.91E-4,4.052,0.0,5761.21,2.11426,29.9934,0.0,4249.16,26.1896,26.8026,25.753,24.9218,0.00672814,0.299468,-0.0,1.0,0.0,
7.34937,7.61926,8.50825,10.4274,14.7196,21.287,27.5188,39.2232,69.1653,200.0,52.0212,21.5723,14.0852,10.6119,7.25506,5.13873,4.2029,3.7738,3.65088,0.00599081,29.4338,-0.336226,1,0.00146768,4.074,0.0,5761.39,2.2915,29.9929,0.0,4404.15,27.8093,27.2916,26.1759,26.5513,0.0070116,0.299451,-0.0,1.0,0.0,
7.34985,7.61961,8.50787,10.4262,14.7152,21.2733,27.4954,39.1866,69.0894,200.0,52.1476,21.6107,14.0957,10.6165,7.25658,5.13903,4.20255,3.77356,3.65027,0.00581629,30.6612,-0.336315,1,0.0019032,4.096,0.0,5761.57,2.47559,29.9923,0.0,4574.48,28.0958,28.0184,27.963,28.309,0.00724742,0.299434,-0.0,1.0,0.0,
7.35046,7.61987,8.50805,10.4252,14.7114,21.2606,27.4728,39.152,69.019,200.0,52.2687,21.6465,14.104,10.6203,7.25765,5.13882,4.20224,3.77307,3.64966,0.00564462,31.8944,-0.336448,1,0.00182315,4.118,0.0,5761.76,2.66748,29.9918,0.0,4753.82,30.1046,29.5421,28.9707,28.3116,0.00756006,0.299415,-0.0,1.0,0.0,
7.35156,7.62072,8.50806,10.4242,14.7071,21.2467,27.4495,39.1163,68.9418,200.0,52.399,21.6855,14.1131,10.6241,7.25821,5.13856,4.20154,3.77209,3.64856,0.00545818,33.1275,-0.336626,1,0.00195383,4.14,0.0,5761.96,2.86572,29.9912,0.0,4916.71,30.6922,31.2705,29.4392,29.8063,0.0078292,0.299397,-0.0,1.0,0.0,
7.35266,7.62142,8.50828,10.4237,14.7034,21.2335,27.4266,39.0801,68.8678,200.0,52.5234,21.7259,14.1221,10.6268,7.25842,5.1379,4.20069,3.77124,3.64746,0.00526983,34.3547,-0.336825,1,0.00186499,4.162,0.0,5762.17,3.07275,29.9906,0.0,5081.76,31.4588,31.4603,31.2977,31.4682,0.00810122,0.299377,-0.0,1.0,0.0,
7.354,7.62231,8.50865,10.4232,14.6999,21.2198,27.4031,39.044,68.7894,200.0,52.6533,21.7679,14.1307,10.6303,7.25853,5.13708,4.19969,3.77014,3.64612,0.00507147,35.586,-0.337069,1,0.00185685,4.184,0.0,5762.38,3.2876,29.9899,0.0,5249.97,32.1615,32.3844,33.3282,32.225,0.00804593,0.299355,-0.0,1.0,0.0,
7.35571,7.62375,8.50949,10.4231,14.6966,21.2054,27.3802,39.0075,68.7125,200.0,52.7829,21.8101,14.1388,10.6325,7.25801,5.13597,4.19822,3.76864,3.64441,0.00486833,36.823,-0.33738,1,0.00150227,4.206,0.0,5762.61,3.50977,29.9893,0.0,5414.88,33.9277,34.4156,33.3936,32.5876,0.00795669,0.299331,-0.0,1.0,0.0,
7.35657,7.62399,8.50942,10.422,14.6915,21.1886,27.3534,38.967,68.6276,200.0,52.9279,21.8594,14.1508,10.6376,7.25941,5.13598,4.1978,3.76777,3.64355,0.00465995,38.0573,-0.337536,1,0.00127071,4.228,0.0,5762.83,3.73877,29.9886,0.0,5597.81,34.8822,35.2194,34.7714,33.9517,0.00801291,0.299305,-0.0,1.0,0.0,
7.3573,7.6244,8.50924,10.4202,14.6861,21.1704,27.3259,38.9244,68.5367,200.0,53.0814,21.9108,14.1636,10.6431,7.26063,5.13598,4.1975,3.76704,3.64282,0.00444299,39.2945,-0.337669,1,0.00112357,4.25,0.0,5763.07,3.97559,29.9879,0.0,5756.17,36.7923,36.2484,34.9821,35.3285,0.00829524,0.299276,-0.0,1.0,0.0,
7.35791,7.62451,8.50869,10.4185,14.6798,21.1511,27.2971,38.8797,68.4432,200.0,53.241,21.9654,14.178,10.649,7.26248,5.13639,4.19731,3.76673,3.64209,0.00421793,40.5378,-0.337802,1,9.40547E-4,4.272,0.0,5763.32,4.2207,29.9872,0.0,5929.8,37.7804,37.3017,36.099,36.5935,0.00862198,0.299246,-0.0,1.0,0.0,
7.35901,7.62512,8.50867,10.4171,14.6742,21.1313,27.2681,38.835,68.3491,200.0,53.4003,22.0189,14.1916,10.6548,7.26403,5.13601,4.19666,3.76587,3.64111,0.00397665,41.7752,-0.337979,1,8.89028E-4,4.294,0.0,5763.57,4.47314,29.9864,0.0,6107.13,38.2742,38.2034,37.9679,38.1656,0.00898949,0.299219,-0.0,1.0,0.0,
7.36011,7.62585,8.50879,10.4158,14.6687,21.1115,27.2393,38.7905,68.2565,200.0,53.5637,22.0734,14.2051,10.6603,7.26495,5.13573,4.19592,3.76501,3.64001,0.00371963,43.0277,-0.338201,1,6.27788E-4,4.316,0.0,5763.83,4.73242,29.9857,0.0,6277.09,39.3336,39.1575,39.1209,39.3303,0.00931984,0.299194,-0.0,1.0,0.0,
7.36157,7.62694,8.50927,10.4149,14.6628,21.0912,27.21,38.7452,68.1574,200.0,53.7309,22.1277,14.2184,10.6651,7.26588,5.13519,4.19481,3.76367,3.63843,0.00344783,44.2768,-0.338468,1,3.85172E-4,4.338,0.0,5764.1,5.00049,29.9849,0.0,6442.53,40.4498,40.2562,40.2065,40.4194,0.0096438,0.299168,-0.0,1.0,0.0,
7.36304,7.6275,8.50917,10.4134,14.6566,21.0684,27.1791,38.6951,68.0495,200.0,53.917,22.1856,14.2343,10.6714,7.26732,5.13472,4.19405,3.76257,3.63721,0.00315649,44.4399,-0.338712,2,-7.37969E-4,4.36,0.0,5764.37,5.27197,29.9848,0.0,4127.67,38.76,38.7211,39.302,39.1649,0.0102826,0.299144,-0.0,0.0,0.0,
7.36438,7.62868,8.50957,10.4124,14.6511,21.0483,27.1517,38.6554,67.9686,200.0,54.0565,22.2356,14.2478,10.6762,7.26767,5.13408,4.19298,3.76135,3.63562,0.00291282,44.4958,-0.338978,2,-0.00115883,4.382,0.0,5764.64,5.54395,29.9848,0.0,4128.26,38.1266,38.0789,37.8847,37.7953,0.0117397,0.299127,-0.0,0.0,0.0,
7.36572,7.62949,8.50989,10.4118,14.6465,21.03,27.1283,38.6206,67.9066,200.0,54.1717,22.2811,14.2599,10.6803,7.26797,5.13327,4.19203,3.76013,3.63428,0.00269968,44.4507,-0.339222,2,-5.67399E-4,4.404,0.0,5764.91,5.81592,29.9848,0.0,4128.85,38.5062,38.4966,38.1078,38.1234,0.0128461,0.299118,-0.0,0.0,0.0,
7.36694,7.63051,8.51033,10.411,14.6417,21.012,27.1052,38.5891,67.8508,200.0,54.2774,22.3267,14.272,10.6845,7.26868,5.13257,4.191,3.75895,3.63318,0.00249559,44.4229,-0.339444,2,-5.47126E-5,4.426,0.0,5765.18,6.08838,29.9848,0.0,4129.43,38.8892,38.9378,38.6151,38.6526,0.013347,0.299113,-0.0,0.0,0.0,
7.36829,7.6313,8.5106,10.4102,14.6367,20.9943,27.0818,38.556,67.7944,200.0,54.3832,22.371,14.2851,10.6894,7.26912,5.13196,4.19003,3.75792,3.63171,0.00229198,44.4683,-0.339688,2,1.16205E-4,4.448,0.0,5765.46,6.36035,29.9848,0.0,3799.29,37.54,37.5437,38.311,38.3183,0.0135733,0.299111,-0.0,0.0,0.0,
7.36914,7.63164,8.5103,10.4084,14.63,20.9739,27.0552,38.5165,67.7194,200.0,54.5201,22.4221,14.3015,10.6961,7.27102,5.13214,4.18966,3.75738,3.63086,0.00206119,45.1756,-0.339844,2,-8.90275E-4,4.47,0.0,5765.73,6.63428,29.9843,0.0,4096.59,39.8513,39.2739,39.857,40.6273,0.0132963,0.299107,-0.0,0.0,0.0,
7.36914,7.63117,8.50928,10.4059,14.6228,20.9531,27.0294,38.4798,67.6587,200.0,54.6339,22.4737,14.3201,10.7041,7.27393,5.13341,4.19023,3.7575,3.63074,0.00186378,45.9647,-0.339844,2,-1.69278E-4,4.492,0.0,5766.01,6.91309,29.9838,0.0,4163.29,40.0945,40.3692,41.3185,41.0455,0.0124875,0.299099,-0.0,0.0,0.0,
7.36914,7.63074,8.50807,10.4032,14.6147,20.9319,27.0019,38.4423,67.5955,200.0,54.7574,22.5262,14.3393,10.713,7.27737,5.13443,4.1908,3.75769,3.63086,0.00163681,46.7725,-0.339844,2,2.8816E-5,4.514,0.0,5766.29,7.19678,29.9833,0.0,4233.89,41.5935,42.0623,41.0744,40.5362,0.0116374,0.29909,-0.0,0.0,0.0,
7.36938,7.63037,8.50684,10.4005,14.6067,20.9106,26.975,38.4043,67.5316,200.0,54.8791,22.5784,14.3602,10.7221,7.28057,5.13575,4.19129,3.75781,3.63086,0.0014022,47.572,-0.339866,2,5.14711E-5,4.536,0.0,5766.58,7.48584,29.9828,0.0,4323.4,42.9488,42.7627,41.119,41.5513,0.0111181,0.299076,-0.0,0.0,0.0,
7.36938,7.63014,8.50608,10.3983,14.5995,20.8914,26.9503,38.3717,67.485,200.0,54.9735,22.6264,14.3787,10.7302,7.28328,5.13671,4.19142,3.75781,3.63062,0.00119144,47.5645,-0.339888,2,5.61609E-4,4.558,0.0,5766.87,7.77734,29.9827,0.0,4045.39,41.0514,41.0971,40.1786,40.2845,0.0112644,0.299061,-0.0,0.0,0.0,
7.36951,7.62966,8.50488,10.3956,14.5913,20.8712,26.925,38.3374,67.4319,200.0,55.078,22.6764,14.3994,10.739,7.28659,5.13768,4.19205,3.75806,3.63049,9.72573E-4,47.4472,-0.33991,2,8.71185E-4,4.58,0.0,5767.16,8.06787,29.9827,0.0,4007.63,41.0802,41.1114,40.455,40.4974,0.0123011,0.299049,-0.0,0.0,0.0,
7.36938,7.62914,8.50357,10.3925,14.5825,20.8504,26.8993,38.3017,67.376,200.0,55.1884,22.7261,14.4213,10.749,7.29011,5.13898,4.19262,3.75842,3.63062,7.48936E-4,47.3345,-0.339888,2,0.00106912,4.602,0.0,5767.45,8.35791,29.9827,0.0,4037.21,41.2362,41.2836,40.8819,40.8969,0.0131161,0.299044,-0.0,0.0,0.0,
7.36926,7.62852,8.50212,10.3894,14.5735,20.8298,26.8729,38.2653,67.3152,200.0,55.3049,22.7777,14.4451,10.7593,7.29393,5.14067,4.19333,3.75875,3.63074,5.18624E-4,47.272,-0.339866,2,9.15456E-4,4.624,0.0,5767.74,8.64746,29.9826,0.0,4029.96,40.6139,40.6535,40.4425,40.5209,0.0131472,0.299042,-0.0,0.0,0.0,
7.36902,7.62772,8.50052,10.386,14.564,20.8087,26.8456,38.2274,67.2535,200.0,55.4247,22.83,14.47,10.7704,7.29816,5.14243,4.19437,3.75914,3.6311,2.85927E-4,47.1721,-0.339822,2,8.63883E-4,4.646,0.0,5768.03,8.93604,29.9826,0.0,3985.05,40.4097,40.3969,40.48,40.4783,0.0131416,0.299041,-0.0,0.0,0.0,
7.36865,7.62685,8.49876,10.3823,14.554,20.7873,26.8182,38.1884,67.1855,200.0,55.5518,22.8836,14.4963,10.7819,7.30262,5.14413,4.19521,3.75989,3.63135,4.36942E-5,47.0497,-0.339755,2,4.46554E-4,4.668,0.0,5768.32,9.22461,29.9825,0.0,4004.9,40.9664,40.9251,40.7551,40.7779,0.0130876,0.299038,-0.0,0.0,0.0,
7.36829,7.62584,8.49684,10.3783,14.5435,20.7658,26.7911,38.1505,67.1197,200.0,55.6742,22.9361,14.5239,10.7939,7.30736,5.14622,4.19655,3.7605,3.63171,-1.91387E-4,46.9847,-0.339688,2,5.41276E-4,4.69,0.0,5768.61,9.5127,29.9825,0.0,4015.44,40.5666,40.4835,40.34,40.3918,0.013088,0.299036,-0.0,0.0,0.0,
7.3678,7.62476,8.495,10.3747,14.533,20.7448,26.7641,38.1129,67.057,200.0,55.794,22.988,14.5523,10.8063,7.31239,5.14842,4.19769,3.76129,3.6322,-4.57462E-4,46.8979,-0.3396,2,6.03933E-4,4.712,0.0,5768.9,9.79932,29.9824,0.0,3964.85,40.0644,40.0184,40.2416,40.2417,0.0130977,0.299043,-0.0,0.0,0.0,
7.36731,7.62372,8.49302,10.3707,14.5219,20.7232,26.7364,38.0736,66.9883,200.0,55.9222,23.0415,14.5828,10.8193,7.31733,5.15053,4.19894,3.76208,3.63269,-7.3355E-4,46.773,-0.339511,2,2.68089E-4,4.734,0.0,5769.18,10.0859,29.9824,0.0,3973.74,40.5705,40.548,40.6021,40.5528,0.0130932,0.29905,-0.0,0.0,0.0,
7.36646,7.62248,8.49068,10.3661,14.51,20.7004,26.7063,38.0297,66.9062,200.0,56.0721,23.0989,14.6161,10.834,7.32328,5.15326,4.20047,3.76312,3.63342,-0.00103157,46.701,-0.339378,2,-5.60846E-4,4.756,0.0,5769.47,10.3726,29.9824,0.0,3993.58,40.3929,40.4294,40.1579,40.2268,0.0130972,0.299057,-0.0,0.0,0.0,
7.36584,7.62108,8.48825,10.3615,14.498,20.6791,26.679,37.9908,66.8384,200.0,56.1994,23.152,14.6491,10.8485,7.32909,5.15598,4.20209,3.76416,3.63416,-0.00130289,46.6237,-0.339244,2,-4.19091E-5,4.778,0.0,5769.75,10.6577,29.9823,0.0,3947.93,39.8574,39.8148,39.9765,39.9266,0.0130724,0.299063,-0.0,0.0,0.0,
7.36499,7.61962,8.4858,10.3568,14.4851,20.6565,26.6491,37.9468,66.7551,200.0,56.3513,23.209,14.6843,10.864,7.33526,5.15867,4.20365,3.76538,3.63501,-0.00160378,46.5003,-0.339089,2,-7.93062E-4,4.8,0.0,5770.04,10.9429,29.9823,0.0,3944.66,40.2113,40.1933,40.347,40.327,0.0127418,0.299069,-0.0,0.0,0.0,
7.36401,7.61787,8.4829,10.3515,14.4714,20.6329,26.6183,37.902,66.6699,200.0,56.5063,23.2679,14.7207,10.8809,7.34225,5.16207,4.20575,3.76668,3.63611,-0.00190323,46.4215,-0.338912,2,-0.00106796,4.822,0.0,5770.32,11.2275,29.9822,0.0,3970.36,40.1882,40.2231,40.016,40.0904,0.0118782,0.299071,-0.0,0.0,0.0,
7.36292,7.61623,8.48023,10.3463,14.4583,20.6114,26.591,37.8629,66.6023,200.0,56.6336,23.3203,14.7542,10.897,7.34865,5.16506,4.20765,3.76802,3.63708,-0.0021736,46.3516,-0.338712,2,-1.99923E-4,4.844,0.0,5770.61,11.5112,29.9822,0.0,3928.18,39.5691,39.5518,39.7516,39.6989,0.0113088,0.299068,-0.0,0.0,0.0,
7.36194,7.61444,8.47731,10.341,14.4443,20.5893,26.5616,37.8202,66.5238,200.0,56.7778,23.3766,14.7894,10.9143,7.35593,5.16834,4.20977,3.76952,3.63818,-0.00246352,46.229,-0.338512,2,-5.18721E-4,4.866,0.0,5770.89,11.7949,29.9821,0.0,3917.64,39.9794,39.9782,40.0147,40.0287,0.0110608,0.299064,-0.0,0.0,0.0,
7.3606,7.6124,8.47415,10.3352,14.4295,20.5661,26.5315,37.776,66.4402,200.0,56.9306,23.4348,14.8252,10.933,7.36365,5.17202,4.21197,3.7711,3.6394,-0.00275868,46.1461,-0.33829,2,-8.80599E-4,4.888,0.0,5771.17,12.0771,29.9821,0.0,3948.69,40.0174,39.9906,39.8645,39.909,0.0109526,0.299059,-0.0,0.0,0.0,
7.35931,7.61035,8.47088,10.3292,14.4144,20.5432,26.5016,37.7321,66.3576,200.0,57.0823,23.4923,14.8606,10.9521,7.37133,5.17581,4.21442,3.77289,3.64075,-0.00309342,46.0833,-0.338046,2,-0.00106917,4.91,0.0,5771.46,12.3594,29.9821,0.0,3908.38,39.4288,39.3431,39.3613,39.3937,0.010974,0.299063,-0.0,0.0,0.0,
7.35785,7.60828,8.46745,10.3234,14.3992,20.5212,26.4731,37.6919,66.286,200.0,57.2166,23.5473,14.895,10.9715,7.37948,5.17978,4.21695,3.77472,3.64221,-0.00341004,45.9594,-0.33778,2,-3.85809E-4,4.932,0.0,5771.74,12.6411,29.982,0.0,3890.23,39.7157,39.7124,39.7586,39.7819,0.0110585,0.299069,-0.0,0.0,0.0,
7.35626,7.60607,8.46416,10.3173,14.3839,20.4993,26.4447,37.6511,66.2135,200.0,57.352,23.6016,14.9295,10.9914,7.38756,5.18365,4.21943,3.77661,3.64374,-0.00373047,45.873,-0.337502,2,-2.98848E-4,4.954,0.0,5772.02,12.9224,29.982,0.0,3927.62,39.8421,39.7988,39.6918,39.7408,0.0112076,0.299075,-0.0,0.0,0.0,
7.35474,7.60372,8.4605,10.3107,14.3683,20.4769,26.4155,37.6078,66.1338,200.0,57.4984,23.6585,14.9647,11.0129,7.39616,5.18792,4.22215,3.77869,3.64539,-0.0040614,45.8172,-0.337214,2,-6.88405E-4,4.976,0.0,5772.3,13.2031,29.9819,0.0,3888.0,39.1674,39.064,39.1106,39.1474,0.0113674,0.299081,-0.0,0.0,0.0,
7.35303,7.60122,8.45683,10.3041,14.353,20.4546,26.3861,37.5662,66.0572,200.0,57.6399,23.714,14.9995,11.0349,7.40494,5.19225,4.22502,3.7807,3.64709,-0.00438565,45.6927,-0.336903,2,-5.66497E-4,4.998,0.0,5772.58,13.4834,29.9819,0.0,3862.72,39.425,39.3961,39.5782,39.5196,0.0111225,0.299089,-0.0,0.0,0.0,
7.3512,7.59867,8.45286,10.2971,14.3372,20.432,26.357,37.5231,65.9776,200.0,57.7867,23.7709,15.0346,11.0581,7.41414,5.19684,4.228,3.78295,3.64886,-0.00471705,45.6012,-0.33657,2,-7.49036E-4,5.02,0.0,5772.86,13.7632,29.9819,0.0,3905.98,39.5508,39.6335,39.6423,39.6011,0.0101392,0.299091,-0.0,0.0,0.0,
7.3493,7.59587,8.44869,10.2899,14.3215,20.4092,26.3269,37.4799,65.8969,200.0,57.9364,23.8281,15.0702,11.0826,7.42407,5.20171,4.23128,3.78541,3.65082,-0.00504559,45.5541,-0.336215,2,-8.3565E-4,5.042,0.0,5773.14,14.042,29.9818,0.0,3869.3,38.9385,38.8751,38.8005,38.8494,0.00948086,0.299089,-0.0,0.0,0.0,
7.34729,7.59317,8.44454,10.2827,14.3061,20.3873,26.2988,37.4393,65.8248,200.0,58.0716,23.883,15.1046,11.1071,7.43389,5.20652,4.23443,3.78782,3.65283,-0.00536269,45.4306,-0.335849,2,-4.6943E-4,5.064,0.0,5773.42,14.3208,29.9818,0.0,3834.97,39.2124,39.2334,39.1648,39.1633,0.00914745,0.299083,-0.0,0.0,0.0,
7.34521,7.59021,8.44024,10.2753,14.2909,20.3658,26.2711,37.4,65.7569,200.0,58.1989,23.9362,15.1389,11.1321,7.44419,5.21169,4.23786,3.79042,3.65503,-0.00566977,45.3321,-0.33546,2,-1.92057E-5,5.086,0.0,5773.69,14.5986,29.9817,0.0,3884.25,39.4526,39.5202,39.3981,39.4183,0.00914464,0.299077,-0.0,0.0,0.0,
7.3429,7.58722,8.4358,10.2677,14.2759,20.3445,26.2439,37.3619,65.6931,200.0,58.3202,23.9885,15.1724,11.1571,7.45466,5.21699,4.24133,3.79309,3.65729,-0.00600975,45.2915,-0.33505,2,2.62463E-4,5.108,0.0,5773.97,14.876,29.9817,0.0,3851.69,38.5916,38.6341,38.6271,38.6983,0.00925316,0.299079,-0.0,0.0,0.0,
7.34058,7.58411,8.43118,10.2598,14.2609,20.3232,26.2167,37.3239,65.6282,200.0,58.4417,24.0408,15.2061,11.1819,7.46557,5.22243,4.24501,3.7959,3.65961,-0.00636738,45.1708,-0.334628,2,3.81879E-4,5.13,0.0,5774.25,15.1528,29.9816,0.0,3807.8,38.8971,38.896,38.9387,38.9082,0.00921031,0.299086,-0.0,0.0,0.0,
7.3382,7.58087,8.42653,10.2518,14.2457,20.3016,26.1887,37.284,65.5577,200.0,58.5744,24.0951,15.24,11.207,7.47688,5.22801,4.24865,3.79883,3.66205,-0.00673693,45.0659,-0.334184,2,7.70402E-5,5.152,0.0,5774.53,15.4297,29.9816,0.0,3861.24,39.2917,39.3285,39.2789,39.2177,0.00922967,0.299094,-0.0,0.0,0.0,
7.33557,7.57744,8.42148,10.2432,14.2303,20.2795,26.1603,37.2436,65.4869,200.0,58.7079,24.1496,15.2747,11.2324,7.48881,5.23409,4.25274,3.80194,3.66467,-0.00710314,45.0314,-0.333707,2,9.49321E-5,5.174,0.0,5774.8,15.7056,29.9816,0.0,3835.36,38.5022,38.4448,38.3996,38.3384,0.00924502,0.299101,-0.0,0.0,0.0,
7.33386,7.57487,8.41741,10.2356,14.2164,20.2595,26.1338,37.205,65.4142,200.0,58.8406,24.2005,15.3062,11.2552,7.49919,5.23898,4.25574,3.8042,3.66644,-0.00748747,44.915,-0.333385,2,-5.11956E-4,5.196,0.0,5775.08,15.981,29.9815,0.0,3781.65,38.5879,38.5617,38.6394,38.6519,0.00918891,0.299108,-0.0,0.0,0.0,
7.33234,7.57247,8.41364,10.2282,14.2032,20.2405,26.1093,37.169,65.3482,200.0,58.9644,24.248,15.3358,11.2769,7.50929,5.24334,4.25864,3.80612,3.66797,-0.0078656,44.8019,-0.333119,2,-6.07994E-4,5.218,0.0,5775.35,16.2554,29.9815,0.0,3836.38,39.1798,39.1212,39.0406,39.0992,0.00823165,0.299112,-0.0,0.0,0.0,
7.33087,7.57016,8.40979,10.2209,14.1907,20.2227,26.0861,37.1365,65.2908,200.0,59.0709,24.2927,15.3642,11.2976,7.51963,5.24789,4.26135,3.80803,3.66956,-0.00822895,44.7715,-0.332841,2,-1.86196E-4,5.24,0.0,5775.63,16.5303,29.9814,0.0,3820.17,38.2409,38.1694,38.2312,38.301,0.00743929,0.299109,-0.0,0.0,0.0,
7.32928,7.5676,8.40573,10.2131,14.178,20.2045,26.0627,37.103,65.2321,200.0,59.1814,24.3377,15.3924,11.3185,7.53041,5.25274,4.26443,3.81028,3.67114,-0.00859278,44.6627,-0.332542,2,-7.24848E-5,5.262,0.0,5775.9,16.8037,29.9814,0.0,3756.86,38.3022,38.2836,38.3283,38.2994,0.0070082,0.299104,-0.0,0.0,0.0,
7.32745,7.56492,8.40133,10.205,14.1651,20.186,26.0385,37.0685,65.1688,200.0,59.2994,24.3841,15.4216,11.3398,7.54203,5.25795,4.26759,3.8125,3.67303,-0.00896471,44.5416,-0.332209,2,-2.83186E-4,5.284,0.0,5776.17,17.0771,29.9813,0.0,3811.12,38.9835,39.0252,38.8757,38.809,0.00696474,0.299096,-0.0,0.0,0.0,
7.32562,7.56213,8.39697,10.1966,14.1523,20.1677,26.0149,37.0343,65.1078,200.0,59.4139,24.4301,15.4502,11.3609,7.55389,5.26331,4.27087,3.81488,3.67487,-0.00935953,44.5138,-0.331876,2,-2.51621E-4,5.306,0.0,5776.45,17.3496,29.9813,0.0,3804.77,38.0257,38.0496,38.137,38.0158,0.00708181,0.299093,-0.0,0.0,0.0,
7.32361,7.55914,8.39229,10.188,14.1397,20.1498,25.9919,37.0019,65.0516,200.0,59.5194,24.4746,15.4784,11.3816,7.56621,5.26886,4.27435,3.81744,3.67682,-0.00979966,44.4126,-0.33151,2,6.24337E-5,5.328,0.0,5776.72,17.6221,29.9813,0.0,3733.29,37.9965,37.9986,38.0052,38.0155,0.00709984,0.299101,-0.0,0.0,0.0,
7.32153,7.55615,8.38754,10.1792,14.1271,20.1321,25.9694,36.9701,64.9983,200.0,59.6196,24.5179,15.5063,11.4023,7.57909,5.27457,4.27795,3.82019,3.67902,-0.010235,44.2842,-0.331121,2,2.97623E-4,5.35,0.0,5776.99,17.894,29.9812,0.0,3785.2,38.8491,38.8004,38.6043,38.6691,0.00712777,0.299109,-0.0,0.0,0.0,
7.31934,7.55296,8.38262,10.1701,14.1146,20.1143,25.9466,36.938,64.9429,200.0,59.7242,24.5621,15.5345,11.423,7.59236,5.28059,4.28174,3.823,3.68127,-0.0106727,44.2572,-0.330711,2,2.60259E-4,5.372,0.0,5777.26,18.165,29.9812,0.0,3789.13,37.8438,37.7916,37.9347,38.012,0.00717936,0.299116,-0.0,0.0,0.0,
7.31702,7.54958,8.37731,10.1609,14.1018,20.0959,25.9227,36.9037,64.8818,200.0,59.8388,24.6082,15.5635,11.4442,7.60638,5.28697,4.28584,3.82593,3.68372,-0.0111191,44.165,-0.330278,2,-4.10456E-5,5.394,0.0,5777.53,18.436,29.9811,0.0,3711.06,37.6705,37.6946,37.7105,37.7493,0.00723494,0.299124,-0.0,0.0,0.0,
7.31445,7.54603,8.37201,10.1516,14.0891,20.0779,25.8996,36.8713,64.8259,200.0,59.944,24.6526,15.5917,11.465,7.62028,5.29355,4.29005,3.8291,3.68628,-0.0115554,44.0297,-0.329812,2,1.35429E-4,5.416,0.0,5777.8,18.7061,29.9811,0.0,3758.14,38.5673,38.6245,38.4812,38.4302,0.00662565,0.299131,-0.0,0.0,0.0,
7.31189,7.54238,8.36636,10.1426,14.0765,20.06,25.8766,36.8383,64.7682,200.0,60.0518,24.6974,15.6201,11.4859,7.6342,5.30034,4.29445,3.8323,3.6889,-0.0119945,44.0022,-0.329335,2,9.63344E-5,5.438,0.0,5778.07,18.9761,29.9811,0.0,3774.29,37.7191,37.7752,37.8055,37.7037,0.00558805,0.299131,-0.0,0.0,0.0,
7.30914,7.53861,8.36054,10.1335,14.0641,20.0424,25.8538,36.8061,64.7126,200.0,60.1562,24.7414,15.648,11.5067,7.64793,5.30746,4.29897,3.83567,3.69171,-0.0124299,43.9208,-0.328835,2,1.8095E-4,5.46,0.0,5778.34,19.2456,29.981,0.0,3690.62,37.471,37.4572,37.37,37.3238,0.00490043,0.299126,-0.0,0.0,0.0,
7.30627,7.53454,8.35438,10.1243,14.0512,20.0239,25.8302,36.7725,64.6535,200.0,60.2677,24.7871,15.6769,11.5279,7.66203,5.31513,4.30379,3.8393,3.6947,-0.0128691,43.7786,-0.328303,2,5.92072E-5,5.482,0.0,5778.61,19.5142,29.981,0.0,3730.13,38.341,38.2775,38.2693,38.3227,0.00464019,0.299118,-0.0,0.0,0.0,
7.30334,7.53047,8.34806,10.1153,14.0386,20.0061,25.8073,36.7399,64.5968,200.0,60.3735,24.8313,15.7051,11.5486,7.67581,5.3229,4.3087,3.84295,3.69763,-0.0133044,43.7486,-0.327759,2,9.91432E-5,5.504,0.0,5778.88,19.7822,29.9809,0.0,3758.52,37.6702,37.6239,37.5348,37.6362,0.00456093,0.299111,-0.0,0.0,0.0,
7.30023,7.52615,8.3415,10.1061,14.026,19.9882,25.784,36.707,64.5397,200.0,60.4812,24.876,15.7335,11.5694,7.68969,5.33107,4.31387,3.84686,3.70084,-0.0138409,43.677,-0.327187,2,7.02138E-5,5.526,0.0,5779.15,20.0498,29.9809,0.0,3670.33,37.0575,36.991,37.2172,37.2411,0.00463734,0.299114,-0.0,0.0,0.0,
7.29694,7.52164,8.33469,10.0969,14.0131,19.9699,25.7602,36.6729,64.4783,200.0,60.5961,24.9218,15.7622,11.5905,7.70371,5.33965,4.31921,3.85095,3.70419,-0.0144116,43.5306,-0.326582,2,-1.26996E-4,5.548,0.0,5779.41,20.3174,29.9808,0.0,3702.34,38.0185,38.0629,38.1365,38.071,0.00486711,0.29912,-0.0,0.0,0.0,
7.29358,7.51706,8.32759,10.0878,14.0004,19.9516,25.7366,36.6392,64.418,200.0,60.7081,24.9671,15.7908,11.6115,7.71758,5.34847,4.32481,3.85516,3.70767,-0.01498,43.4971,-0.325955,2,-1.33278E-4,5.57,0.0,5779.68,20.5845,29.9808,0.0,3741.96,37.4932,37.588,37.4592,37.389,0.00501843,0.299128,-0.0,0.0,0.0,
7.29001,7.51223,8.32032,10.0786,13.9877,19.9334,25.7131,36.6056,64.3583,200.0,60.8204,25.0126,15.8194,11.6325,7.73156,5.35767,4.33068,3.85956,3.71136,-0.0155465,43.4362,-0.325295,2,-1.07901E-4,5.592,0.0,5779.95,20.8511,29.9808,0.0,3652.03,36.7684,36.8261,36.9171,36.8907,0.00507732,0.299137,-0.0,0.0,0.0,
7.28625,7.50721,8.3128,10.0694,13.9751,19.9154,25.6901,36.5731,64.3023,200.0,60.926,25.057,15.8477,11.6534,7.74548,5.3672,4.33679,3.86414,3.71518,-0.0161044,43.2859,-0.324607,2,8.91744E-5,5.614,0.0,5780.21,21.1167,29.9807,0.0,3674.0,37.8729,37.7977,37.8022,37.8419,0.00507572,0.299146,-0.0,0.0,0.0,
7.28238,7.50199,8.30527,10.0604,13.9624,19.8975,25.6669,36.5402,64.245,200.0,61.0331,25.1017,15.876,11.6743,7.75936,5.37683,4.34318,3.86879,3.71915,-0.0166642,43.2465,-0.323891,2,7.43231E-5,5.636,0.0,5780.48,21.3823,29.9807,0.0,3725.11,37.438,37.3461,37.3139,37.3689,0.00390429,0.299151,-0.0,0.0,0.0,
7.27838,7.49648,8.29768,10.0512,13.9497,19.8795,25.6438,36.5073,64.188,200.0,61.1403,25.1465,15.9044,11.6952,7.77333,5.38654,4.34987,3.8738,3.72324,-0.0172211,43.1968,-0.323148,2,1.33474E-4,5.658,0.0,5780.74,21.647,29.9806,0.0,3635.48,36.5416,36.5094,36.6259,36.685,0.00287881,0.299149,-0.0,0.0,0.0,
7.2742,7.49085,8.29014,10.042,13.937,19.8615,25.6205,36.4742,64.1299,200.0,61.2489,25.1915,15.9328,11.7161,7.78715,5.39617,4.35673,3.87891,3.72751,-0.01778,43.0449,-0.322377,2,5.37272E-5,5.68,0.0,5781.01,21.9116,29.9806,0.0,3646.11,37.5865,37.6498,37.5358,37.5108,0.00230783,0.299141,-0.0,0.0,0.0,
7.26987,7.48498,8.28257,10.0329,13.9243,19.8432,25.597,36.4406,64.0702,200.0,61.3608,25.2369,15.9616,11.7371,7.80112,5.40581,4.36391,3.8843,3.73193,-0.0183408,42.9985,-0.321578,2,-5.46951E-5,5.702,0.0,5781.27,22.1753,29.9806,0.0,3707.28,37.2351,37.2718,37.2842,37.1919,0.00220751,0.299132,-0.0,0.0,0.0,
7.26545,7.47894,8.27508,10.0238,13.9117,19.8254,25.5739,36.4079,64.0132,200.0,61.4679,25.2813,15.9898,11.7579,7.81497,5.41539,4.37125,3.88983,3.73648,-0.0189125,42.9594,-0.320762,2,5.54096E-5,5.724,0.0,5781.54,22.439,29.9805,0.0,3619.59,36.3499,36.3754,36.3688,36.2785,0.00232512,0.299124,-0.0,0.0,0.0,
7.26083,7.47263,8.26753,10.0146,13.899,19.8072,25.5504,36.3743,63.9533,200.0,61.5801,25.3268,16.0184,11.7789,7.8289,5.42504,4.37891,3.89566,3.74127,-0.0197064,42.8061,-0.319902,2,-6.5774E-5,5.746,0.0,5781.8,22.7021,29.9805,0.0,3618.78,37.4379,37.3501,37.2304,37.2408,0.00238937,0.299131,-0.0,0.0,0.0,
7.25601,7.46613,8.25993,10.0054,13.8861,19.7887,25.5264,36.3397,63.8908,200.0,61.6971,25.3731,16.0474,11.8001,7.84295,5.43474,4.38673,3.90173,3.74628,-0.0205037,42.7521,-0.319003,2,-2.13467E-4,5.768,0.0,5782.06,22.9648,29.9804,0.0,3689.14,37.2439,37.1889,37.0185,37.1011,0.00252009,0.299139,-0.0,0.0,0.0,
7.25095,7.45941,8.25237,9.99626,13.8734,19.7706,25.5031,36.3066,63.8331,200.0,61.8054,25.418,16.0759,11.8211,7.85689,5.4444,4.39453,3.90802,3.75153,-0.0212905,42.723,-0.318065,2,-3.64925E-5,5.79,0.0,5782.32,23.2271,29.9804,0.0,3605.05,36.097,36.0578,36.1025,36.1994,0.0026947,0.299147,-0.0,0.0,0.0,
7.24576,7.45259,8.24484,9.98713,13.8608,19.7526,25.4799,36.2736,63.775,200.0,61.9141,25.4629,16.1042,11.842,7.87078,5.45403,4.4023,3.91449,3.75693,-0.0220768,42.5711,-0.317094,2,-6.41042E-6,5.812,0.0,5782.59,23.4893,29.9803,0.0,3590.73,37.0633,37.1142,37.0074,36.9634,0.00277521,0.299157,-0.0,0.0,0.0,
7.2403,7.44571,8.23722,9.97789,13.8479,19.7342,25.4561,36.2394,63.7141,200.0,62.0284,25.5089,16.1332,11.8632,7.88485,5.46377,4.41015,3.92123,3.76254,-0.0228659,42.5076,-0.316079,2,-1.07476E-4,5.834,0.0,5782.85,23.7505,29.9803,0.0,3669.03,36.9882,37.0612,37.0521,36.999,0.00163907,0.299165,-0.0,0.0,0.0,
7.23471,7.43894,8.22974,9.96885,13.8354,19.7164,25.4333,36.2072,63.6585,200.0,62.1329,25.5529,16.1611,11.8838,7.89861,5.47332,4.41787,3.92809,3.76837,-0.0236456,42.4882,-0.315036,2,9.09535E-5,5.856,0.0,5783.11,24.0112,29.9803,0.0,3592.2,35.8871,35.9399,35.9327,35.862,-3.05322E-4,0.29916,-0.0,0.0,0.0,
7.22882,7.4321,8.22218,9.95969,13.8227,19.6984,25.41,36.1743,63.601,200.0,62.2406,25.5977,16.1896,11.9048,7.91254,5.48298,4.42567,3.93503,3.77444,-0.0244262,42.3393,-0.313948,2,8.99089E-5,5.878,0.0,5783.37,24.272,29.9802,0.0,3563.31,36.7575,36.7396,36.7126,36.7795,-0.00158704,0.299146,-0.0,0.0,0.0,
7.22275,7.42526,8.21462,9.95055,13.8101,19.6804,25.3869,36.1415,63.5443,200.0,62.3469,25.6422,16.2179,11.9256,7.92644,5.49263,4.43347,3.94196,3.7807,-0.0252034,42.2651,-0.312822,2,1.31761E-4,5.9,0.0,5783.63,24.5317,29.9802,0.0,3648.65,36.9844,36.9793,36.8107,36.8981,-0.00208219,0.299126,-0.0,0.0,0.0,
7.21655,7.41845,8.20708,9.94141,13.7973,19.6622,25.3634,36.1079,63.4845,200.0,62.4586,25.6876,16.2465,11.9466,7.94037,5.50227,4.44124,3.94887,3.78711,-0.0259854,42.2549,-0.311668,2,-4.84581E-5,5.922,0.0,5783.89,24.791,29.9801,0.0,3579.89,35.7422,35.715,35.6399,35.7394,-0.0020472,0.299106,-0.0,0.0,0.0,
7.24675,7.4487,8.23985,9.97996,13.8482,19.7297,25.4445,36.2077,63.5915,200.0,62.2536,25.5329,16.1371,11.8622,7.88173,5.46042,4.40692,3.918,3.75722,-0.0268982,42.1101,-0.317116,2,3.93103E-6,5.944,0.0,0.194763,25.1958,29.9801,0.0,3536.63,36.3694,36.411,36.5447,36.5019,-0.0018111,0.299107,-0.0,0.0,0.0,
7.24005,7.44179,8.2322,9.97068,13.8353,19.7113,25.4206,36.1736,63.5308,200.0,62.3682,25.5791,16.1662,11.8835,7.89586,5.4702,4.4148,3.92501,3.76394,-0.0269014,42.0255,-0.315896,2,-9.09533E-5,5.966,0.0,0.451843,25.4529,29.98,0.0,3627.1,36.8363,36.8943,36.7564,36.7154,-0.00142746,0.29912,-0.0,0.0,0.0,
7.23333,7.43489,8.22456,9.96142,13.8224,19.6929,25.397,36.1399,63.4714,200.0,62.4803,25.6248,16.1951,11.9048,7.90996,5.47996,4.42268,3.93202,3.77065,-0.0269021,42.023,-0.314675,2,-4.30793E-5,5.988,0.0,0.708557,25.7096,29.98,0.0,3568.24,35.5326,35.577,35.5486,35.4551,-0.00113805,0.299137,-0.0,0.0,0.0,
7.22661,7.42798,8.21691,9.95216,13.8096,19.6746,25.3733,36.1061,63.4117,200.0,62.5931,25.6707,16.224,11.926,7.92407,5.48973,4.43056,3.93902,3.77737,-0.0269036,41.8843,-0.313454,2,-5.48194E-5,6.01,0.0,0.964722,25.9658,29.98,0.0,3511.33,36.1428,36.0833,36.1931,36.2072,-0.0010262,0.299155,-0.0,0.0,0.0,
7.2199,7.42108,8.20928,9.94293,13.7968,19.6563,25.3498,36.0728,63.3535,200.0,62.703,25.7161,16.2528,11.9472,7.93814,5.49949,4.43844,3.94602,3.78408,-0.0269023,41.7886,-0.312234,2,3.04702E-5,6.032,0.0,1.22034,26.2214,29.9799,0.0,3604.02,36.7586,36.7098,36.5901,36.6286,-0.00103676,0.299174,-0.0,0.0,0.0,
7.21318,7.41418,8.20165,9.93368,13.7839,19.6381,25.3262,36.0392,63.2946,200.0,62.8141,25.7617,16.2816,11.9684,7.95223,5.50925,4.44632,3.95303,3.7908,-0.0269021,41.7921,-0.311013,2,3.43132E-6,6.054,0.0,1.47565,26.4767,29.9799,0.0,3556.79,35.4141,35.3667,35.2935,35.391,-0.00161536,0.299191,-0.0,0.0,0.0,
7.20647,7.40727,8.194,9.92441,13.7711,19.6197,25.3025,36.0054,63.2347,200.0,62.9272,25.8077,16.3106,11.9897,7.96635,5.51902,4.4542,3.96003,3.79752,-0.026904,41.6612,-0.309792,2,-5.04868E-5,6.076,0.0,1.73047,26.7315,29.9798,0.0,3488.03,35.8473,35.8849,35.858,35.8476,-0.00302317,0.2992,-0.0,0.0,0.0,
7.19975,7.40036,8.18635,9.91512,13.7581,19.6012,25.2785,35.971,63.1733,200.0,63.0431,25.8541,16.3397,12.011,7.9805,5.52881,4.46209,3.96704,3.80423,-0.0269084,41.5542,-0.308572,2,-1.43089E-4,6.098,0.0,1.98474,26.9858,29.9798,0.0,3579.66,36.5264,36.5722,36.5584,36.4825,-0.00390346,0.299202,-0.0,0.0,0.0,
7.19303,7.39345,8.1787,9.90585,13.7452,19.5828,25.2547,35.937,63.113,200.0,63.157,25.9002,16.3687,12.0323,7.99463,5.53858,4.46997,3.97405,3.81095,-0.0269108,41.5625,-0.307351,2,-1.03114E-4,6.12,0.0,2.23859,27.2396,29.9798,0.0,3545.33,35.1549,35.2466,35.2683,35.1891,-0.00427096,0.2992,-0.0,0.0,0.0,
7.18632,7.38655,8.17105,9.89659,13.7324,19.5644,25.2311,35.9033,63.0535,200.0,63.2696,25.946,16.3977,12.0536,8.00873,5.54835,4.47785,3.98105,3.81767,-0.0269119,41.44,-0.30613,2,-4.91204E-5,6.142,0.0,2.492,27.493,29.9797,0.0,3465.62,35.5521,35.5596,35.55,35.5935,-0.00429913,0.299198,-0.0,0.0,0.0,
7.1796,7.37963,8.16339,9.88728,13.7194,19.5459,25.207,35.8687,62.9914,200.0,63.3868,25.9927,16.4269,12.075,8.02291,5.55814,4.48575,3.98806,3.82438,-0.0269177,41.3237,-0.304909,2,-1.9307E-4,6.164,0.0,2.74493,27.746,29.9797,0.0,3555.44,36.4704,36.4007,36.2848,36.353,-0.00580338,0.299191,-0.0,0.0,0.0,
7.17289,7.37272,8.15574,9.878,13.7065,19.5274,25.1831,35.8345,62.9305,200.0,63.502,26.039,16.456,12.0963,8.03705,5.56793,4.49363,3.99507,3.8311,-0.0269214,41.3338,-0.303689,2,-1.86311E-4,6.186,0.0,2.99738,27.9984,29.9796,0.0,3534.0,35.0461,34.983,35.0913,35.1965,-0.00726703,0.299174,-0.0,0.0,0.0,
7.16617,7.36581,8.14809,9.86871,13.6936,19.5089,25.1592,35.8003,62.8694,200.0,63.6174,26.0853,16.4851,12.1177,8.0512,5.57771,4.50152,4.00208,3.83782,-0.0269253,41.2213,-0.302468,2,-1.87706E-4,6.208,0.0,3.24939,28.2504,29.9796,0.0,3445.15,35.2479,35.286,35.2593,35.2857,-0.00802317,0.29915,-0.0,0.0,0.0,
7.15946,7.35891,8.14045,9.85946,13.6807,19.4906,25.1355,35.7666,62.8099,200.0,63.7298,26.1311,16.514,12.1389,8.0653,5.58748,4.5094,4.00909,3.84453,-0.0269262,41.0953,-0.301247,2,-9.33312E-5,6.23,0.0,3.50092,28.502,29.9795,0.0,3531.24,36.2153,36.2923,36.2099,36.1484,-0.00816096,0.299124,-0.0,0.0,0.0,
7.15274,7.35201,8.13283,9.85025,13.668,19.4726,25.1124,35.7339,62.7538,200.0,63.8359,26.1759,16.5425,12.1599,8.07932,5.59721,4.51727,4.01608,3.85125,-0.0269213,41.1074,-0.300027,2,1.49663E-4,6.252,0.0,3.75201,28.7531,29.9795,0.0,3522.99,35.0195,34.9248,34.954,34.8891,-0.00791409,0.299098,-0.0,0.0,0.0,
7.14602,7.34511,8.12519,9.841,13.6551,19.4542,25.0887,35.7002,62.6945,200.0,63.9478,26.2217,16.5714,12.1812,8.09342,5.60697,4.52515,4.02309,3.85797,-0.0269219,41.0051,-0.298806,2,1.32572E-4,6.274,0.0,4.00268,29.0037,29.9795,0.0,3424.31,34.934,34.9229,35.0026,35.0305,-0.00765725,0.299098,-0.0,0.0,0.0,
7.13931,7.3382,8.11754,9.83172,13.6422,19.4358,25.0649,35.6661,62.6339,200.0,64.0625,26.2679,16.6005,12.2025,8.10755,5.61675,4.53303,4.0301,3.86468,-0.0269249,40.8697,-0.297585,2,-3.43685E-5,6.296,0.0,4.25286,29.2539,29.9794,0.0,3506.18,36.0771,36.1087,35.9488,36.0391,-0.00737115,0.299119,-0.0,0.0,0.0,
7.13259,7.3313,8.10991,9.82248,13.6294,19.4176,25.0414,35.6327,62.5753,200.0,64.1731,26.3134,16.6293,12.2237,8.12163,5.62651,4.54091,4.0371,3.8714,-0.0269243,40.8812,-0.296365,2,-7.169E-5,6.318,0.0,4.50256,29.5036,29.9794,0.0,3512.12,34.8381,34.746,34.8212,34.9454,-0.00709771,0.299142,-0.0,0.0,0.0,
7.12587,7.32439,8.10226,9.81321,13.6165,19.3992,25.0176,35.5988,62.5152,200.0,64.2867,26.3594,16.6583,12.2449,8.13576,5.63628,4.54879,4.0441,3.87811,-0.0269264,40.7917,-0.295144,2,-9.95583E-5,6.34,0.0,4.75189,29.7529,29.9793,0.0,3405.88,34.6403,34.6421,34.6919,34.7106,-0.00705425,0.299167,-0.0,0.0,0.0,
7.11916,7.31749,8.09464,9.804,13.6038,19.3811,24.9944,35.5659,62.4586,200.0,64.3936,26.4043,16.6868,12.266,8.14978,5.64602,4.55666,4.0511,3.88483,-0.0269222,40.6476,-0.293923,2,8.03483E-5,6.362,0.0,5.00067,30.0017,29.9793,0.0,3479.51,35.8897,35.9535,35.8097,35.7459,-0.00707984,0.299191,-0.0,0.0,0.0,
7.11244,7.31059,8.08701,9.79476,13.591,19.3628,24.9709,35.5325,62.4001,200.0,64.5042,26.4499,16.7157,12.2872,8.16386,5.65578,4.56454,4.05811,3.89155,-0.0269216,40.656,-0.292702,2,5.78028E-5,6.384,0.0,5.24902,30.2501,29.9793,0.0,3500.82,34.6683,34.7452,34.834,34.7293,-0.00728053,0.299215,-0.0,0.0,0.0,
7.10572,7.30369,8.07938,9.78552,13.5782,19.3446,24.9474,35.4992,62.3417,200.0,64.6142,26.4953,16.7444,12.3083,8.17793,5.66553,4.57241,4.06511,3.89826,-0.0269204,40.5794,-0.291482,2,7.38921E-5,6.406,0.0,5.49701,30.498,29.9792,0.0,3388.76,34.3849,34.4008,34.4036,34.3752,-0.00938828,0.299229,-0.0,0.0,0.0,
7.09901,7.29678,8.07173,9.77624,13.5653,19.3262,24.9236,35.4651,62.2812,200.0,64.7287,26.5415,16.7735,12.3297,8.19207,5.67531,4.5803,4.07212,3.90498,-0.0269233,40.4282,-0.290261,2,-4.71834E-5,6.428,0.0,5.74444,30.7455,29.9792,0.0,3453.67,35.6924,35.6368,35.5976,35.6592,-0.0108255,0.299233,-0.0,0.0,0.0,
7.09229,7.28988,8.06409,9.76698,13.5524,19.3079,24.8999,35.4314,62.2219,200.0,64.8408,26.5872,16.8024,12.3509,8.20617,5.68508,4.58818,4.07912,3.9117,-0.026924,40.4326,-0.28904,2,-4.73179E-5,6.45,0.0,5.99145,30.9925,29.9791,0.0,3488.01,34.6259,34.5642,34.6479,34.7554,-0.0114892,0.299231,-0.0,0.0,0.0,
7.08558,7.28298,8.05646,9.75775,13.5396,19.2896,24.8764,35.398,62.1635,200.0,64.951,26.6327,16.8312,12.3721,8.22024,5.69483,4.59605,4.08612,3.91841,-0.026923,40.3682,-0.28782,2,-8.64504E-6,6.472,0.0,6.23816,31.2392,29.9791,0.0,3371.71,34.0642,34.0367,34.1668,34.2066,-0.011575,0.299226,-0.0,0.0,0.0,
7.07886,7.27608,8.04883,9.74851,13.5268,19.2714,24.853,35.3648,62.1057,200.0,65.0603,26.678,16.8599,12.3932,8.23431,5.70458,4.60392,4.09312,3.92513,-0.0269211,40.2112,-0.286599,2,4.9104E-5,6.494,0.0,6.48425,31.4853,29.979,0.0,3427.92,35.4693,35.5236,35.4168,35.3534,-0.0117363,0.299222,-0.0,0.0,0.0,
7.07214,7.26917,8.04119,9.73926,13.514,19.2531,24.8294,35.3312,62.0467,200.0,65.1718,26.7237,16.8887,12.4144,8.2484,5.71434,4.6118,4.10013,3.93184,-0.0269212,40.2107,-0.285378,2,1.74691E-5,6.516,0.0,6.72998,31.731,29.979,0.0,3474.93,34.505,34.5731,34.6287,34.5359,-0.0132009,0.29921,-0.0,0.0,0.0,
7.06543,7.26227,8.03357,9.73003,13.5012,19.235,24.806,35.2981,61.9889,200.0,65.2808,26.769,16.9174,12.4355,8.26245,5.72409,4.61967,4.10713,3.93856,-0.0269191,40.1585,-0.284157,2,7.7342E-5,6.538,0.0,6.97534,31.9764,29.979,0.0,3356.4,33.8126,33.8544,33.9188,33.8701,-0.0140706,0.299192,-0.0,0.0,0.0,
7.05871,7.25536,8.02592,9.72076,13.4883,19.2165,24.7822,35.264,61.9284,200.0,65.3953,26.8151,16.9465,12.4569,8.27659,5.73387,4.62756,4.11414,3.94528,-0.0269221,39.9969,-0.282937,2,-4.75553E-5,6.56,0.0,7.22009,32.2211,29.9789,0.0,3402.33,35.2583,35.2237,35.1711,35.2372,-0.0144212,0.29917,-0.0,0.0,0.0,
7.05199,7.24846,8.01828,9.71151,13.4755,19.1982,24.7586,35.2304,61.8694,200.0,65.5069,26.8608,16.9753,12.4781,8.29068,5.74363,4.63544,4.12114,3.95199,-0.0269222,39.991,-0.281716,2,-3.53491E-5,6.582,0.0,7.46453,32.4656,29.9789,0.0,3460.85,34.5065,34.4306,34.4315,34.5042,-0.0143516,0.299149,-0.0,0.0,0.0,
7.04528,7.24155,8.01063,9.70222,13.4625,19.1798,24.7347,35.1962,61.8084,200.0,65.6223,26.9072,17.0045,12.4994,8.30483,5.75342,4.64333,4.12815,3.95871,-0.0269261,39.9494,-0.280495,2,-1.80873E-4,6.604,0.0,7.70855,32.7096,29.9788,0.0,3340.81,33.4978,33.5401,33.7057,33.759,-0.0141908,0.299127,-0.0,0.0,0.0,
7.03856,7.23465,8.003,9.69299,13.4498,19.1616,24.7113,35.163,61.7504,200.0,65.7317,26.9525,17.0332,12.5205,8.31889,5.76317,4.6512,4.13515,3.96543,-0.0269243,39.7851,-0.279275,2,-6.27664E-5,6.626,0.0,7.95208,32.9531,29.9788,0.0,3376.81,35.0575,35.0036,34.996,34.9529,-0.0138803,0.29914,-0.0,0.0,0.0,
7.03185,7.22775,7.99537,9.68376,13.437,19.1434,24.6878,35.1297,61.6924,200.0,65.8412,26.9978,17.0619,12.5417,8.33295,5.77292,4.65907,4.14215,3.97214,-0.0269226,39.773,-0.278054,2,8.00745E-5,6.648,0.0,8.19524,33.1963,29.9788,0.0,3446.18,34.4225,34.3772,34.398,34.3115,-0.0136341,0.299159,-0.0,0.0,0.0,
7.02513,7.22084,7.98772,9.67449,13.4241,19.125,24.6641,35.0958,61.6323,200.0,65.9549,27.0439,17.0909,12.563,8.34708,5.78269,4.66696,4.14916,3.97886,-0.0269248,39.7425,-0.276833,2,5.23392E-5,6.67,0.0,8.43798,33.439,29.9787,0.0,3327.41,33.381,33.3264,33.477,33.3975,-0.0134997,0.29918,-0.0,0.0,0.0,
7.01841,7.21393,7.98007,9.66521,13.4112,19.1066,24.6402,35.0617,61.5717,200.0,66.0697,27.0901,17.12,12.5843,8.36122,5.79247,4.67484,4.15617,3.98558,-0.0269279,39.5765,-0.275613,2,-2.84911E-5,6.692,0.0,8.68023,33.6813,29.9787,0.0,3351.36,34.8499,34.8839,34.6501,34.6882,-0.0134996,0.299201,-0.0,0.0,0.0,
7.0117,7.20702,7.97241,9.65592,13.3982,19.088,24.6162,35.0273,61.5102,200.0,66.1864,27.1366,17.1492,12.6057,8.37538,5.80226,4.68273,4.16318,3.99229,-0.0269327,39.5567,-0.274392,2,-1.48666E-4,6.714,0.0,8.92205,33.9231,29.9787,0.0,3430.73,34.3941,34.3534,34.1713,34.2497,-0.0135045,0.299222,-0.0,0.0,0.0,
7.00498,7.20012,7.96479,9.64668,13.3854,19.0698,24.5928,34.9941,61.4523,200.0,66.2956,27.1819,17.1779,12.6268,8.38944,5.81201,4.69061,4.17018,3.99901,-0.0269308,39.5364,-0.273171,2,-1.11471E-5,6.736,0.0,9.16351,34.1645,29.9786,0.0,3314.89,33.1728,33.1096,33.1806,33.275,-0.0140124,0.299242,-0.0,0.0,0.0,
6.99826,7.19322,7.95716,9.63746,13.3727,19.0517,24.5695,34.961,61.3947,200.0,66.404,27.2271,17.2066,12.6479,8.40349,5.82176,4.69848,4.17718,4.00572,-0.0269282,39.3705,-0.27195,2,5.41386E-5,6.758,0.0,9.40447,34.4055,29.9786,0.0,3324.67,34.493,34.5265,34.5648,34.4912,-0.0157065,0.299253,-0.0,0.0,0.0,
6.99155,7.18632,7.94953,9.62822,13.3599,19.0335,24.546,34.9276,61.3365,200.0,66.514,27.2726,17.2353,12.6691,8.41757,5.83151,4.70635,4.18418,4.01244,-0.0269271,39.3417,-0.27073,2,4.6421E-5,6.78,0.0,9.64507,34.6461,29.9786,0.0,3414.57,34.1967,34.2433,34.2405,34.1552,-0.0167799,0.299255,-0.0,0.0,0.0,
6.98483,7.17942,7.94189,9.61897,13.347,19.0152,24.5224,34.8941,61.2776,200.0,66.6253,27.3182,17.2642,12.6903,8.43165,5.84127,4.71423,4.19118,4.01916,-0.026927,39.3315,-0.269509,2,2.01744E-5,6.802,0.0,9.88525,34.8863,29.9785,0.0,3303.15,32.9042,32.9739,33.0873,32.9829,-0.0172483,0.299253,-0.0,0.0,0.0,
6.97812,7.17251,7.93425,9.6097,13.3341,18.9968,24.4987,34.8602,61.2177,200.0,66.7388,27.3642,17.2932,12.7116,8.44577,5.85105,4.72211,4.19819,4.02587,-0.0269289,39.1663,-0.268288,2,-3.72512E-5,6.824,0.0,10.1249,35.126,29.9785,0.0,3299.48,34.2746,34.2415,34.2808,34.316,-0.0173595,0.299249,-0.0,0.0,0.0,
6.9714,7.1656,7.92659,9.60041,13.3212,18.9783,24.4747,34.8258,61.156,200.0,66.8556,27.4108,17.3224,12.733,8.45994,5.86084,4.73,4.2052,4.03259,-0.0269339,39.1292,-0.267068,2,-1.76308E-4,6.846,0.0,10.3643,35.3653,29.9785,0.0,3398.21,34.2006,34.1469,34.0444,34.0938,-0.0175948,0.299246,-0.0,0.0,0.0,
6.96468,7.15869,7.91895,9.59115,13.3084,18.96,24.451,34.7921,61.0967,200.0,66.9678,27.4565,17.3513,12.7542,8.47404,5.8706,4.73788,4.21221,4.03931,-0.0269346,39.1278,-0.265847,2,-9.92182E-5,6.868,0.0,10.6031,35.6042,29.9785,0.0,3292.44,32.8432,32.7753,32.7618,32.8411,-0.0187502,0.299235,-0.0,0.0,0.0,
6.95797,7.1518,7.91133,9.58193,13.2956,18.9418,24.4277,34.759,61.0393,200.0,67.0761,27.5017,17.3799,12.7753,8.48809,5.88035,4.74575,4.21921,4.04602,-0.0269318,38.9649,-0.264626,2,3.21257E-5,6.89,0.0,10.8417,35.8427,29.9784,0.0,3275.08,33.9805,34.0413,34.0804,34.0176,-0.0194068,0.299219,-0.0,0.0,0.0,
6.95125,7.14489,7.90369,9.57269,13.2828,18.9236,24.4042,34.7257,60.9811,200.0,67.1861,27.5471,17.4087,12.7965,8.50216,5.8901,4.75363,4.22621,4.05274,-0.0269306,38.9188,-0.263406,2,4.08545E-5,6.912,0.0,11.0796,36.0807,29.9784,0.0,3380.98,34.0157,34.0767,34.0426,33.9758,-0.0195385,0.2992,-0.0,0.0,0.0,
6.94453,7.13799,7.89606,9.56345,13.27,18.9054,24.3807,34.6923,60.9228,200.0,67.2961,27.5926,17.4375,12.8176,8.51623,5.89986,4.7615,4.23321,4.05946,-0.0269294,38.9255,-0.262185,2,4.53526E-5,6.934,0.0,11.3173,36.3184,29.9784,0.0,3280.29,32.5377,32.6079,32.7112,32.6462,-0.0194999,0.299182,-0.0,0.0,0.0,
6.93782,7.13109,7.88843,9.55422,13.2572,18.8872,24.3573,34.6591,60.8649,200.0,67.4052,27.6378,17.4662,12.8388,8.53029,5.9096,4.76937,4.24021,4.06617,-0.0269274,38.7652,-0.260964,2,7.23336E-5,6.956,0.0,11.5546,36.5556,29.9784,0.0,3251.42,33.7916,33.7563,33.7597,33.845,-0.0193978,0.299165,-0.0,0.0,0.0,
6.9311,7.12419,7.88079,9.54496,13.2443,18.8688,24.3336,34.6254,60.8054,200.0,67.5177,27.6837,17.4951,12.86,8.5444,5.91937,4.77726,4.24722,4.07289,-0.0269285,38.7106,-0.259743,2,-3.55929E-5,6.978,0.0,11.7913,36.7923,29.9783,0.0,3363.54,33.988,33.9319,33.8851,33.9192,-0.0190931,0.299172,-0.0,0.0,0.0,
6.92439,7.11728,7.87315,9.5357,13.2314,18.8504,24.3099,34.5915,60.7454,200.0,67.6314,27.7297,17.5241,12.8813,8.55852,5.92915,4.78514,4.25422,4.0796,-0.0269305,38.7248,-0.258523,2,-7.75804E-5,7.0,0.0,12.0278,37.0288,29.9783,0.0,3269.74,32.4818,32.4262,32.4218,32.5038,-0.0189682,0.29919,-0.0,0.0,0.0,
6.91767,7.11038,7.86551,9.52645,13.2186,18.8322,24.2864,34.558,60.6868,200.0,67.742,27.7752,17.5529,12.9025,8.5726,5.9389,4.79302,4.26123,4.08632,-0.0269299,38.5679,-0.257302,2,-2.70393E-5,7.022,0.0,12.2637,37.2648,29.9783,0.0,3228.44,33.497,33.5203,33.6187,33.5341,-0.0188197,0.299207,-0.0,0.0,0.0,
6.91095,7.10348,7.85788,9.51722,13.2058,18.814,24.2629,34.5247,60.6287,200.0,67.8517,27.8206,17.5816,12.9236,8.58666,5.94865,4.80089,4.26823,4.09304,-0.0269284,38.504,-0.256081,2,3.98106E-5,7.044,0.0,12.4993,37.5003,29.9783,0.0,3345.32,33.8392,33.8781,33.8333,33.7941,-0.0186557,0.299225,-0.0,0.0,0.0,
6.90424,7.09658,7.85026,9.50798,13.193,18.7958,24.2395,34.4915,60.5707,200.0,67.9611,27.8659,17.6103,12.9448,8.60073,5.9584,4.80876,4.27523,4.09975,-0.0269266,38.5255,-0.254861,2,5.98841E-5,7.066,0.0,12.7345,37.7356,29.9782,0.0,3259.37,32.266,32.3234,32.3466,32.2599,-0.0186685,0.299243,-0.0,0.0,0.0,
6.89752,7.08967,7.84261,9.49872,13.1801,18.7774,24.2157,34.4576,60.5107,200.0,68.0746,27.912,17.6393,12.9661,8.61485,5.96818,4.81665,4.28224,4.10647,-0.0269287,38.3728,-0.25364,2,-3.34489E-5,7.088,0.0,12.9692,37.9703,29.9782,0.0,3206.3,33.2723,33.2402,33.3009,33.3636,-0.0187634,0.299261,-0.0,0.0,0.0,
6.8908,7.08277,7.83497,9.48946,13.1673,18.7591,24.1921,34.4239,60.4514,200.0,68.1868,27.9578,17.6682,12.9873,8.62895,5.97794,4.82453,4.28924,4.11319,-0.0269294,38.2994,-0.252419,2,-4.08489E-5,7.11,0.0,13.2035,38.2045,29.9782,0.0,3326.25,33.7853,33.77,33.6819,33.719,-0.0202334,0.299273,-0.0,0.0,0.0,
6.88409,7.07586,7.82733,9.48021,13.1545,18.7408,24.1685,34.3903,60.3923,200.0,68.2984,28.0035,17.6971,13.0085,8.64304,5.98771,4.8324,4.29624,4.1199,-0.0269297,38.3275,-0.251199,2,-3.62207E-5,7.132,0.0,13.4374,38.4385,29.9782,0.0,3249.3,32.1731,32.099,32.1236,32.203,-0.0213527,0.299277,-0.0,0.0,0.0,
6.87737,7.06896,7.81969,9.47095,13.1416,18.7224,24.1448,34.3565,60.3326,200.0,68.4117,28.0494,17.7261,13.0298,8.65716,5.99748,4.84029,4.30325,4.12662,-0.0269313,38.1799,-0.249978,2,-5.6591E-5,7.154,0.0,13.6709,38.672,29.9782,0.0,3185.27,32.9997,33.0622,33.0713,33.0551,-0.0218937,0.299275,-0.0,0.0,0.0,
6.87066,7.06205,7.81205,9.4617,13.1288,18.7041,24.1212,34.323,60.2737,200.0,68.523,28.0951,17.7549,13.051,8.67125,6.00724,4.84817,4.31025,4.13333,-0.0269313,38.0976,-0.248757,2,-2.99581E-5,7.176,0.0,13.9041,38.9051,29.9781,0.0,3307.44,33.7082,33.7306,33.5575,33.5329,-0.0220036,0.299273,-0.0,0.0,0.0,
6.86394,7.05515,7.80441,9.45244,13.1159,18.6858,24.0975,34.2892,60.2141,200.0,68.6358,28.141,17.7839,13.0722,8.68536,6.01701,4.85605,4.31726,4.14005,-0.0269325,38.1312,-0.247536,2,-3.34922E-5,7.198,0.0,14.1368,39.1379,29.9781,0.0,3238.75,31.9233,31.9971,32.0801,31.9908,-0.021858,0.299269,-0.0,0.0,0.0,
6.85722,7.04823,7.79675,9.44314,13.1029,18.6672,24.0735,34.2547,60.1522,200.0,68.7535,28.1877,17.8132,13.0937,8.69954,6.02681,4.86394,4.32427,4.14677,-0.0269381,37.9884,-0.246316,2,-1.40684E-4,7.22,0.0,14.3693,39.3703,29.9781,0.0,3165.36,32.7555,32.7691,32.8015,32.8951,-0.0227488,0.299264,-0.0,0.0,0.0,
6.85051,7.04133,7.7891,9.43387,13.0901,18.6489,24.0497,34.2208,60.0922,200.0,68.8674,28.2337,17.8422,13.115,8.71367,6.03658,4.87183,4.33128,4.15348,-0.0269403,37.8977,-0.245095,2,-1.32634E-4,7.242,0.0,14.6012,39.6023,29.9781,0.0,3287.25,33.5914,33.5035,33.4789,33.4861,-0.0234836,0.299253,-0.0,0.0,0.0,
6.84379,7.03441,7.78145,9.42457,13.0771,18.6303,24.0257,34.1863,60.0304,200.0,68.9849,28.2804,17.8714,13.1364,8.72784,6.04638,4.87972,4.33829,4.1602,-0.0269458,37.9361,-0.243874,2,-1.91649E-4,7.264,0.0,14.8328,39.8339,29.978,0.0,3228.48,31.8875,31.8051,31.8214,31.9246,-0.0238193,0.299238,-0.0,0.0,0.0,
6.83708,7.02751,7.7738,9.41531,13.0643,18.612,24.0021,34.1526,59.9711,200.0,69.0972,28.3262,17.9003,13.1576,8.74194,6.05614,4.8876,4.34529,4.16692,-0.0269465,37.7984,-0.242654,2,-9.54733E-5,7.286,0.0,15.0641,40.0651,29.978,0.0,3146.19,32.5382,32.5629,32.6001,32.586,-0.0238338,0.299222,-0.0,0.0,0.0,
6.83036,7.02061,7.76617,9.40608,13.0515,18.5938,23.9786,34.1193,59.9128,200.0,69.2071,28.3716,17.9291,13.1788,8.75601,6.0659,4.89547,4.35229,4.17363,-0.0269453,37.7004,-0.241433,2,-4.88839E-6,7.308,0.0,15.2947,40.2958,29.978,0.0,3267.75,33.3946,33.4234,33.4137,33.3312,-0.0237612,0.299208,-0.0,0.0,0.0,
6.82364,7.01371,7.75854,9.39683,13.0386,18.5755,23.955,34.0858,59.854,200.0,69.3182,28.4173,17.9579,13.2,8.7701,6.07566,4.90335,4.3593,4.18035,-0.0269451,37.7426,-0.240212,2,9.53117E-6,7.33,0.0,15.5252,40.5262,29.978,0.0,3217.63,31.6634,31.7355,31.7982,31.6775,-0.0235378,0.299198,-0.0,0.0,0.0,
6.81693,7.0068,7.7509,9.38757,13.0258,18.5572,23.9314,34.0521,59.7947,200.0,69.4304,28.4631,17.9868,13.2212,8.78421,6.08542,4.91123,4.3663,4.18707,-0.0269459,37.6103,-0.238991,2,-1.69947E-5,7.352,0.0,15.7552,40.7562,29.978,0.0,3127.81,32.3122,32.2937,32.3683,32.3822,-0.0233236,0.299212,-0.0,0.0,0.0,
6.81021,6.99989,7.74325,9.37831,13.0129,18.5388,23.9077,34.0183,59.7349,200.0,69.5438,28.5091,18.0158,13.2425,8.79833,6.0952,4.91912,4.37331,4.19378,-0.0269477,37.5056,-0.237771,2,-5.96295E-5,7.374,0.0,15.9847,40.9858,29.9779,0.0,3248.07,33.3417,33.2582,33.2138,33.2192,-0.0231764,0.299227,-0.0,0.0,0.0,
6.8035,6.99298,7.7356,9.36902,13.0,18.5203,23.8837,33.9839,59.6735,200.0,69.6606,28.5556,18.045,13.2639,8.81249,6.10499,4.92701,4.38032,4.2005,-0.0269523,37.5506,-0.23655,2,-1.47084E-4,7.396,0.0,16.214,41.2151,29.9779,0.0,3207.0,31.6387,31.5246,31.5499,31.6245,-0.022972,0.299241,-0.0,0.0,0.0,
6.79678,6.98607,7.72794,9.35973,12.987,18.5018,23.8598,33.9496,59.6123,200.0,69.7773,28.6021,18.0742,13.2853,8.82666,6.11478,4.9349,4.38733,4.20722,-0.0269568,37.4245,-0.235329,2,-1.64322E-4,7.418,0.0,16.4428,41.4438,29.9779,0.0,3110.04,32.0453,32.0747,32.1551,32.1305,-0.0229626,0.299257,-0.0,0.0,0.0,
6.79007,6.97916,7.72029,9.35044,12.9741,18.4833,23.8358,33.9154,59.5511,200.0,69.8936,28.6486,18.1034,13.3066,8.84082,6.12457,4.94279,4.39434,4.21393,-0.0269612,37.3126,-0.234109,2,-1.71731E-4,7.44,0.0,16.6712,41.6723,29.9779,0.0,3228.27,33.1564,33.2148,33.1091,33.0093,-0.0229382,0.299272,-0.0,0.0,0.0,
6.78335,6.97225,7.71264,9.34117,12.9612,18.4649,23.8121,33.8814,59.4909,200.0,70.0081,28.6948,18.1324,13.328,8.85495,6.13435,4.95068,4.40135,4.22065,-0.0269637,37.3595,-0.232888,2,-1.12458E-4,7.462,0.0,16.8992,41.9003,29.9779,0.0,3196.91,31.4089,31.4961,31.5341,31.4089,-0.0233076,0.299287,-0.0,0.0,0.0,
6.77663,6.96535,7.705,9.33191,12.9484,18.4466,23.7884,33.8476,59.4312,200.0,70.1212,28.7407,18.1614,13.3492,8.86906,6.14412,4.95856,4.40835,4.22737,-0.0269652,37.2402,-0.231667,2,-7.69053E-5,7.484,0.0,17.1269,42.128,29.9778,0.0,3093.04,31.8353,31.831,31.879,31.929,-0.0245576,0.299295,-0.0,0.0,0.0,
6.76992,6.95844,7.69736,9.32265,12.9355,18.4282,23.7647,33.8138,59.3716,200.0,70.2341,28.7867,18.1904,13.3705,8.88318,6.15389,4.96644,4.41536,4.23408,-0.0269666,37.1217,-0.230447,2,-7.35429E-5,7.506,0.0,17.3541,42.3551,29.9778,0.0,3207.61,33.0378,32.9631,32.9176,32.9973,-0.0253178,0.299297,-0.0,0.0,0.0,
6.7632,6.95154,7.68972,9.31339,12.9227,18.4099,23.741,33.7802,59.3123,200.0,70.3463,28.8325,18.2193,13.3917,8.89728,6.16365,4.97432,4.42236,4.2408,-0.0269673,37.17,-0.229226,2,-5.53869E-5,7.528,0.0,17.581,42.5821,29.9778,0.0,3186.64,31.4014,31.2907,31.2835,31.3868,-0.0256039,0.299295,-0.0,0.0,0.0,
